S.No,Symbol,Conf.,Open,High,Low,Close,LTP,Close - LTP,Close - LTP %,VWAP,Vol,Prev. Close,Turnover,Trans.,Diff,Range,Diff %,Range %,VWAP %,52 Weeks High,52 Weeks Low
1,ACLBSL,58.70,"1,250.00","1,300.00","1,226.00","1,256.00","1,256.00",0.00,0.00,"1,264.05","2,065.00","1,227.00","2,610,270.00",52,29.00,74.00,2.36,6.04,-0.64,"1,938.00",752.00
2,ADBL,40.69,410.00,412.00,400.10,411.00,411.00,0.00,0.00,406.90,"78,818.00",410.00,"32,071,339.80",683,1.00,11.90,0.24,2.97,1.00,620.00,398.00
3,ADBLD83,61.98,"1,050.00","1,071.00","1,050.00","1,071.00","1,071.00",0.00,0.00,"1,069.15","1,990.00","1,050.00","2,127,615.00",2,21.00,21.00,2.00,2.00,0.17,"1,150.00","1,000.00"
4,AHPC,53.26,434.50,444.00,425.90,442.00,442.00,0.00,0.00,437.04,"171,026.00",429.80,"74,745,539.90",586,12.20,18.10,2.84,4.25,1.12,785.00,204.00
5,AIL,40.28,690.00,692.00,678.00,682.00,682.00,0.00,0.00,687.09,"6,603.00",678.00,"4,536,868.00",154,4.00,14.00,0.59,2.06,-0.75,"1,125.00",588.80
6,AKJCL,43.09,275.00,278.00,269.00,273.00,273.00,0.00,0.00,273.86,"54,476.00",273.00,"14,918,794.10",334,0.00,9.00,0.00,3.35,-0.31,502.00,116.00
7,AKPL,47.69,493.00,506.90,490.00,506.00,506.00,0.00,0.00,497.23,"82,669.00",493.00,"41,105,515.30",511,13.00,16.90,2.64,3.45,1.73,882.40,253.00
8,ALBSL,50.25,"1,415.00","1,440.00","1,400.00","1,438.00","1,438.00",0.00,0.00,"1,411.71","4,502.00","1,415.00","6,355,528.80",72,23.00,40.00,1.63,2.86,1.83,"2,101.20",985.00
9,ALICL,39.33,"1,145.40","1,165.00","1,114.00","1,165.00","1,165.00",0.00,0.00,"1,143.25","12,173.00","1,123.00","13,916,787.10",136,42.00,51.00,3.74,4.58,1.87,"1,565.00",903.00
10,API,60.05,450.00,473.00,445.00,467.00,467.00,0.00,0.00,459.63,"377,918.00",445.00,"173,704,300.30","1,936",22.00,28.00,4.94,6.29,1.58,670.00,239.00
11,BARUN,37.84,461.00,469.00,456.00,458.00,458.00,0.00,0.00,460.31,"15,252.00",462.00,"7,020,664.50",122,-4.00,13.00,-0.87,2.85,-0.50,763.40,167.00
12,BBC,55.14,"4,838.10","4,880.00","4,834.00","4,850.00","4,850.00",0.00,0.00,"4,839.86",500.00,"4,855.00","2,419,932.00",23,-5.00,46.00,-0.10,0.95,0.21,"8,208.00","2,720.00"
13,BFC,42.80,438.00,447.90,433.00,438.10,438.10,0.00,0.00,439.78,"10,000.00",440.00,"4,397,818.50",97,-1.90,14.90,-0.43,3.44,-0.38,630.00,129.00
14,BNT,50.73,"15,400.00","16,116.00","14,895.10","15,580.00","15,580.00",0.00,0.00,"15,512.81","1,050.00","15,199.00","16,288,446.00",44,381.00,"1,220.90",2.51,8.20,0.43,"16,116.00","8,328.00"
15,BOKL,47.25,265.00,269.80,261.10,269.00,269.00,0.00,0.00,267.51,"21,592.00",265.00,"5,776,094.80",154,4.00,8.70,1.51,3.33,0.55,433.20,240.20
16,BPCL,43.73,415.00,416.00,410.00,415.00,415.00,0.00,0.00,413.03,"10,830.00",415.00,"4,473,113.30",111,0.00,6.00,0.00,1.46,0.47,703.00,380.00
17,CBBL,48.60,"1,270.00","1,275.00","1,250.00","1,269.80","1,269.80",0.00,0.00,"1,263.15","9,042.00","1,250.00","11,421,404.20",215,19.80,25.00,1.58,2.00,0.52,"2,065.20","1,170.00"
18,CBL,56.24,244.00,248.80,242.00,246.50,246.50,0.00,0.00,245.53,"64,052.00",242.00,"15,726,380.60",304,4.50,6.80,1.86,2.81,0.40,316.00,185.00
19,CCBL,60.71,233.00,240.00,229.00,239.00,239.00,0.00,0.00,234.90,"129,711.00",230.50,"30,468,529.80",507,8.50,11.00,3.69,4.80,1.72,324.00,201.00
20,CCBLPO,44.67,120.00,120.00,120.00,120.00,120.00,0.00,0.00,120.00,"143,008.00",120.00,"17,160,960.00",7,0.00,0.00,0.00,0.00,0.00,120.00,112.00
21,CFCL,46.01,385.00,402.00,385.00,399.00,399.00,0.00,0.00,396.39,"25,698.00",382.08,"10,186,466.30",244,16.92,17.00,4.43,4.42,0.65,814.90,163.00
22,CGH,59.14,"1,405.00","1,434.00","1,385.00","1,426.00","1,426.00",0.00,0.00,"1,423.15","10,189.00","1,379.00","14,500,474.90",234,47.00,49.00,3.41,3.54,0.20,"2,800.00",159.00
23,CHCL,43.27,470.00,477.00,462.00,477.00,477.00,0.00,0.00,474.26,"20,494.00",467.81,"9,719,535.30",166,9.19,15.00,1.96,3.25,0.57,785.00,462.00
24,CHDC,57.00,802.00,832.80,796.00,828.00,828.00,0.00,0.00,819.58,"17,980.00",802.00,"14,736,102.50",364,26.00,36.80,3.24,4.62,1.02,"1,415.00",416.00
25,CHL,45.04,475.00,478.00,461.00,474.00,474.00,0.00,0.00,467.26,"17,920.00",470.00,"8,373,360.10",167,4.00,17.00,0.85,3.69,1.42,715.00,150.00
26,CIT,43.19,"3,132.40","3,250.00","3,071.00","3,200.00","3,200.00",0.00,0.00,"3,148.81","20,266.00","3,071.00","63,813,715.00",400,129.00,179.00,4.20,5.83,1.60,"5,029.00","2,625.00"
27,CLBSL,58.77,945.00,"1,011.00",945.00,"1,011.00","1,011.00",0.00,0.00,990.70,"4,501.00",945.00,"4,459,149.60",93,66.00,66.00,6.98,6.98,2.01,"1,811.00",787.00
28,CMF1,35.20,9.36,9.72,9.36,9.39,9.39,0.00,0.00,9.42,"6,397.00",9.55,"60,284.65",9,-0.16,0.36,-1.68,3.85,-0.36,16.01,9.03
29,CMF2,42.45,9.60,9.60,9.60,9.60,9.60,0.00,0.00,9.60,100.00,9.70,960.00,1,-0.10,0.00,-1.03,0.00,0.00,16.87,9.04
30,CORBL,61.95,868.00,921.00,868.00,917.00,917.00,0.00,0.00,905.90,"26,733.00",851.40,"24,217,431.90",363,65.60,53.00,7.70,6.11,1.21,"1,155.00",207.00
31,CZBIL,40.96,276.50,276.50,266.80,273.50,273.50,0.00,0.00,271.17,"66,900.00",271.10,"18,141,410.50",334,2.40,9.70,0.89,3.64,0.85,444.00,217.31
32,DDBL,54.24,"1,160.00","1,200.00","1,160.00","1,190.00","1,190.00",0.00,0.00,"1,186.28","16,074.00","1,170.00","19,068,227.40",215,20.00,40.00,1.71,3.45,0.31,"2,420.00","1,019.00"
33,DHPL,44.15,283.00,283.00,272.10,272.10,272.10,0.00,0.00,274.82,"9,573.00",278.00,"2,630,822.80",88,-5.90,10.90,-2.12,4.01,-1.00,485.20,100.00
34,EBL,57.76,536.00,551.80,532.00,548.00,548.00,0.00,0.00,543.56,"40,142.00",535.30,"21,819,449.00",238,12.70,19.80,2.37,3.72,0.81,864.00,515.00
35,EDBL,47.76,519.90,519.90,501.00,513.00,513.00,0.00,0.00,509.31,"6,732.00",513.80,"3,428,644.40",51,-0.80,18.90,-0.16,3.77,0.72,"1,195.00",339.00
36,EIC,40.18,637.00,680.90,637.00,664.30,664.30,0.00,0.00,656.08,"7,054.00",645.00,"4,627,998.00",73,19.30,43.90,2.99,6.89,1.24,885.00,525.00
37,EICPO,46.24,421.00,437.90,412.50,437.90,437.90,0.00,0.00,428.42,"5,115.00",412.80,"2,191,362.50",10,25.10,25.40,6.08,6.16,2.17,530.10,267.00
38,FMDBL,54.19,735.00,780.00,731.00,769.70,769.70,0.00,0.00,756.29,"18,734.00",730.00,"14,168,262.70",186,39.70,49.00,5.44,6.70,1.74,"1,365.00",572.00
39,FOWAD,41.49,"2,000.00","2,070.00","2,000.00","2,050.00","2,050.00",0.00,0.00,"2,040.90","11,450.00","1,962.96","23,368,361.40",316,87.04,70.00,4.43,3.50,0.44,"3,530.00","2,000.00"
40,GBBL,53.57,510.00,531.00,504.00,527.00,527.00,0.00,0.00,518.32,"70,720.00",504.20,"36,655,490.00",330,22.80,27.00,4.52,5.36,1.65,750.00,293.00
41,GBD80/81,52.72,"1,023.00","1,023.00","1,023.00","1,023.00","1,023.00",0.00,0.00,"1,023.00",25.00,"1,003.00","25,575.00",1,20.00,0.00,1.99,0.00,0.00,"1,085.00","1,000.00"
42,GBIME,42.62,304.80,304.80,298.00,300.00,300.00,0.00,0.00,299.64,"51,165.00",298.90,"15,330,971.40",483,1.10,6.80,0.37,2.28,0.12,522.00,275.00
43,GBLBS,49.57,905.00,928.00,895.00,928.00,928.00,0.00,0.00,914.60,"12,770.00",910.00,"11,679,443.50",127,18.00,33.00,1.98,3.69,1.44,"1,437.00",561.00
44,GFCL,46.04,544.00,558.00,544.00,558.00,558.00,0.00,0.00,551.71,"17,954.00",533.46,"9,905,410.50",199,24.54,14.00,4.60,2.57,1.13,"1,010.00",192.00
45,GHL,42.23,322.00,322.00,308.50,310.00,310.00,0.00,0.00,312.61,"2,435.00",316.50,"761,206.60",40,-6.50,13.50,-2.05,4.38,-0.84,555.90,102.00
46,GIC,40.41,573.00,597.00,573.00,596.90,596.90,0.00,0.00,590.54,"6,174.00",578.90,"3,646,009.50",174,18.00,24.00,3.11,4.19,1.07,860.00,485.10
47,GILB,39.02,"1,570.00","1,621.00","1,570.00","1,601.00","1,601.00",0.00,0.00,"1,612.87","2,261.00","1,566.00","3,646,706.00",54,35.00,51.00,2.23,3.25,-0.74,"3,191.00","1,352.00"
48,GIMES1,48.05,10.56,10.80,10.50,10.80,10.80,0.00,0.00,10.59,"78,503.00",10.65,"831,363.50",45,0.15,0.30,1.41,2.86,1.94,25.09,9.90
49,GLBSL,49.53,"1,224.00","1,310.00","1,215.20","1,215.20","1,215.20",0.00,0.00,"1,252.81",755.00,"1,200.00","945,872.00",19,15.20,94.80,1.27,7.80,-3.10,"2,245.00",811.00
50,GLH,56.58,372.50,398.00,372.50,398.00,398.00,0.00,0.00,383.95,"12,743.00",380.00,"4,892,709.30",200,18.00,25.50,4.74,6.85,3.53,657.00,299.00
51,GLICL,47.62,574.00,589.00,570.00,583.00,583.00,0.00,0.00,580.37,"28,538.00",563.00,"16,562,724.60",169,20.00,19.00,3.55,3.33,0.45,901.00,460.00
52,GMFBS,54.73,"1,190.00","1,245.00","1,190.00","1,225.00","1,225.00",0.00,0.00,"1,230.04","1,048.00","1,180.00","1,289,083.60",28,45.00,55.00,3.81,4.62,-0.41,"1,996.00",960.00
53,GMFIL,49.64,423.00,438.50,420.00,433.00,433.00,0.00,0.00,430.62,"9,998.00",415.00,"4,305,379.00",63,18.00,18.50,4.34,4.40,0.55,773.00,184.00
54,GRDBL,41.19,325.40,344.30,322.00,322.50,322.50,0.00,0.00,325.69,"4,989.00",319.10,"1,624,877.70",58,3.40,22.30,1.07,6.93,-0.99,537.90,140.00
55,GUFL,43.68,806.00,806.00,774.20,779.90,779.90,0.00,0.00,780.12,"73,992.00",822.00,"57,722,452.30",453,-42.10,31.80,-5.12,4.11,-0.03,"1,500.00",199.00
56,HDHPC,43.93,313.00,313.00,303.00,307.00,307.00,0.00,0.00,307.77,"33,074.00",307.00,"10,179,066.00",206,0.00,10.00,0.00,3.30,-0.25,478.90,116.00
57,HDL,45.31,"4,004.00","4,318.20","4,004.00","4,318.00","4,318.00",0.00,0.00,"4,272.17","105,193.00","3,925.71","449,402,591.90","3,385",392.29,314.20,9.99,7.85,1.06,"7,938.00","3,695.00"
58,HGI,42.32,642.00,667.00,637.00,660.00,660.00,0.00,0.00,653.34,"17,597.00",640.00,"11,496,752.20",93,20.00,30.00,3.13,4.71,1.01,982.00,557.00
59,HIDCL,43.59,255.00,259.50,252.00,255.90,255.90,0.00,0.00,256.20,"103,935.00",255.00,"26,628,626.30",679,0.90,7.50,0.35,2.98,-0.12,606.00,244.10
60,HPPL,48.24,424.60,426.00,419.00,422.30,422.30,0.00,0.00,423.14,"15,483.00",416.30,"6,551,539.20",106,6.00,7.00,1.44,1.67,-0.20,749.10,219.00
61,HURJA,50.43,416.00,420.00,407.00,415.00,415.00,0.00,0.00,409.00,690.00,408.00,"282,207.00",21,7.00,13.00,1.72,3.19,1.45,685.40,189.00
62,ICFC,48.34,585.00,593.00,580.00,589.00,589.00,0.00,0.00,587.53,"35,465.00",585.30,"20,836,762.70",322,3.70,13.00,0.63,2.24,0.25,"1,176.80",255.00
63,ICFCD83,61.98,"1,176.90","1,182.00","1,160.00","1,182.00","1,182.00",0.00,0.00,"1,173.69",675.00,"1,154.60","792,240.00",5,27.40,22.00,2.37,1.90,0.70,"1,274.00","1,080.00"
64,IGI,41.27,"1,020.00","1,055.00","1,001.00","1,040.10","1,040.10",0.00,0.00,"1,038.73","24,524.00","1,000.00","25,473,883.70",231,40.10,54.00,4.01,5.39,0.13,"1,465.00",592.00
65,ILBS,37.63,"1,330.00","1,350.00","1,304.00","1,348.50","1,348.50",0.00,0.00,"1,329.43","2,259.00","1,307.75","3,003,173.30",74,40.75,46.00,3.12,3.53,1.41,"2,140.00","1,016.00"
66,JBBL,47.63,392.00,402.00,388.00,401.50,401.50,0.00,0.00,394.68,"59,180.00",388.00,"23,356,959.70",359,13.50,14.00,3.48,3.61,1.70,649.90,213.00
67,JBLB,38.80,"4,460.00","4,460.00","4,290.00","4,410.00","4,410.00",0.00,0.00,"4,407.01","7,580.00","4,375.00","33,405,140.40",445,35.00,170.00,0.80,3.96,0.07,"5,516.90",890.00
68,JFL,45.41,575.00,594.00,572.00,586.00,586.00,0.00,0.00,585.55,"8,566.00",583.00,"5,015,789.20",83,3.00,22.00,0.51,3.85,0.08,836.00,225.00
69,JLI,50.68,580.00,622.00,560.00,605.00,605.00,0.00,0.00,601.79,"28,846.00",570.00,"17,359,345.50",766,35.00,62.00,6.14,11.07,0.53,998.00,360.00
70,JOSHI,44.58,304.00,306.00,298.00,301.90,301.90,0.00,0.00,300.30,"39,788.00",303.00,"11,948,280.00",244,-1.10,8.00,-0.36,2.68,0.53,507.00,102.00
71,JSLBB,51.04,"2,610.00","2,667.90","2,605.00","2,667.90","2,667.90",0.00,0.00,"2,629.64","1,702.00","2,610.00","4,475,648.20",62,57.90,62.90,2.22,2.41,1.43,"5,500.00","1,750.00"
72,KBL,47.94,244.80,246.00,237.00,245.80,245.80,0.00,0.00,242.86,"69,361.00",240.00,"16,845,323.70",315,5.80,9.00,2.42,3.80,1.19,413.00,223.00
73,KBLD86,49.77,"1,039.90","1,039.90","1,039.90","1,039.90","1,039.90",0.00,0.00,"1,039.90",25.00,"1,020.00","25,997.50",1,19.90,0.00,1.95,0.00,0.00,"1,141.00",997.00
74,KEF,40.84,8.77,9.08,8.77,9.00,9.00,0.00,0.00,8.98,"22,020.00",8.94,"197,793.60",35,0.06,0.31,0.67,3.53,0.19,11.65,8.67
75,KKHC,44.84,282.00,283.00,276.40,279.00,279.00,0.00,0.00,278.56,"8,084.00",282.00,"2,251,870.50",108,-3.00,6.60,-1.06,2.39,0.16,556.20,100.00
76,KLBSL,43.50,"1,244.00","1,319.90","1,244.00","1,310.00","1,310.00",0.00,0.00,"1,292.32","1,872.00","1,220.00","2,419,227.00",27,90.00,75.90,7.38,6.10,1.35,"2,042.00","1,072.00"
77,KMCDB,42.50,"1,195.00","1,234.50","1,195.00","1,234.30","1,234.30",0.00,0.00,"1,219.30","6,016.00","1,216.70","7,335,313.00",89,17.60,39.50,1.45,3.31,1.22,"1,715.00",850.00
78,KPCL,52.55,501.50,519.10,481.40,518.00,518.00,0.00,0.00,501.85,"49,459.00",500.00,"24,820,932.40",250,18.00,37.70,3.60,7.83,3.12,878.90,188.00
79,KRBL,46.53,375.00,375.00,366.00,372.00,372.00,0.00,0.00,369.99,"10,196.00",370.00,"3,772,402.80",71,2.00,9.00,0.54,2.46,0.54,607.00,128.00
80,KSBBL,48.58,440.00,450.80,430.10,448.00,448.00,0.00,0.00,443.24,"44,696.00",435.00,"19,810,900.20",267,13.00,20.70,2.99,4.81,1.06,866.90,215.00
81,LBBL,53.05,435.00,456.90,430.00,456.00,456.00,0.00,0.00,443.38,"82,207.00",430.20,"36,448,928.50",290,25.80,26.90,6.00,6.26,2.77,774.00,202.00
82,LBL,54.75,279.30,288.00,273.80,283.00,283.00,0.00,0.00,281.75,"35,710.00",273.90,"10,061,277.40",172,9.10,14.20,3.32,5.19,0.44,447.00,245.00
83,LBLD88,45.66,925.00,925.00,923.50,923.50,923.50,0.00,0.00,924.03,75.00,937.10,"69,302.50",3,-13.60,1.50,-1.45,0.16,-0.06,"1,000.00",923.50
84,LEC,43.66,310.00,320.00,305.00,310.00,310.00,0.00,0.00,309.52,"2,890.00",314.00,"894,500.00",61,-4.00,15.00,-1.27,4.92,0.16,530.00,208.00
85,LEMF,38.44,9.74,9.93,9.74,9.74,9.74,0.00,0.00,9.88,"15,050.00",9.55,"148,715.25",10,0.19,0.19,1.99,1.95,-1.45,19.34,9.16
86,LGIL,49.06,692.90,706.50,679.00,706.00,706.00,0.00,0.00,698.24,"28,433.00",680.00,"19,852,980.90",215,26.00,27.50,3.82,4.05,1.10,975.00,566.50
87,LICN,38.74,"1,969.00","1,973.90","1,930.00","1,949.00","1,949.00",0.00,0.00,"1,951.14","3,495.00","1,937.80","6,819,249.50",49,11.20,43.90,0.58,2.27,-0.11,"2,800.00","1,700.00"
88,LLBS,41.41,"1,410.00","1,448.00","1,400.00","1,448.00","1,448.00",0.00,0.00,"1,413.39","1,668.00","1,401.00","2,357,530.00",21,47.00,48.00,3.35,3.43,2.39,"2,574.00","1,205.00"
89,LUK,43.74,9.37,9.64,9.37,9.64,9.64,0.00,0.00,9.53,"2,800.00",9.46,"26,691.00",6,0.18,0.27,1.90,2.88,1.12,16.00,9.14
90,MBJC,58.49,144.60,161.00,144.60,161.00,161.00,0.00,0.00,158.42,239.00,146.40,"37,861.90",30,14.60,16.40,9.97,11.34,1.60,161.00,100.00
91,MBL,48.32,311.00,323.10,311.00,321.00,321.00,0.00,0.00,321.12,"114,133.00",316.00,"36,649,823.00",207,5.00,12.10,1.58,3.89,-0.04,455.00,247.00
92,MBLD2085,33.70,"1,040.00","1,040.00","1,040.00","1,040.00","1,040.00",0.00,0.00,"1,040.00",25.00,"1,020.00","26,000.00",1,20.00,0.00,1.96,0.00,0.00,"1,119.00","1,000.00"
93,MDB,43.68,451.00,457.00,440.00,457.00,457.00,0.00,0.00,450.30,"15,567.00",448.80,"7,009,825.00",93,8.20,17.00,1.83,3.86,1.47,873.20,320.00
94,MEGA,56.65,287.00,287.00,281.50,284.50,284.50,0.00,0.00,284.41,"68,698.00",284.00,"19,538,251.50",360,0.50,5.50,0.18,1.95,0.03,405.00,247.00
95,MEN,36.01,"1,030.00","1,070.00","1,020.00","1,051.00","1,051.00",0.00,0.00,"1,051.31","1,790.00","1,048.60","1,881,840.00",58,2.40,50.00,0.23,4.90,-0.03,"1,530.00",371.00
96,MERO,56.90,"1,035.00","1,082.00","1,030.00","1,079.00","1,079.00",0.00,0.00,"1,066.57","12,952.00","1,035.00","13,814,252.40",167,44.00,52.00,4.25,5.05,1.15,"1,989.00",878.10
97,MFIL,40.33,671.00,680.00,635.10,650.00,650.00,0.00,0.00,651.77,"80,735.00",670.71,"52,620,679.70","1,030",-20.71,44.90,-3.09,7.07,-0.27,"1,456.00",319.00
98,MFLD85,52.91,980.00,980.00,980.00,980.00,980.00,0.00,0.00,980.00,25.00,969.40,"24,500.00",1,10.60,0.00,1.09,0.00,0.00,"1,055.00",967.00
99,MHNL,44.54,407.00,420.00,401.10,407.00,407.00,0.00,0.00,409.74,"6,716.00",401.00,"2,751,794.00",53,6.00,18.90,1.50,4.71,-0.67,720.00,177.00
100,MKJC,43.55,425.00,425.00,410.00,420.00,420.00,0.00,0.00,417.25,"1,877.00",416.80,"783,187.20",84,3.20,15.00,0.77,3.66,0.65,598.00,186.50
101,MKLB,46.00,"1,300.00","1,377.00","1,300.00","1,327.50","1,327.50",0.00,0.00,"1,338.11",500.00,"1,325.00","669,056.00",33,2.50,77.00,0.19,5.92,-0.80,"2,310.00",296.70
102,MLBBL,61.98,"1,840.00","1,963.50","1,840.00","1,959.00","1,959.00",0.00,0.00,"1,931.97","9,030.00","1,825.00","17,445,714.20",130,134.00,123.50,7.34,6.71,1.38,"2,540.00","1,201.00"
103,MLBL,39.27,450.00,467.00,442.00,466.00,466.00,0.00,0.00,456.83,"107,893.00",446.10,"49,288,371.10",466,19.90,25.00,4.46,5.66,1.97,883.00,232.00
104,MLBS,48.05,"1,314.00","1,375.00","1,290.00","1,340.00","1,340.00",0.00,0.00,"1,323.16","1,120.00","1,314.00","1,481,941.00",75,26.00,85.00,1.98,6.59,1.26,"2,189.10",397.50
105,MLBSL,48.23,"3,483.30","3,549.00","3,479.00","3,503.00","3,503.00",0.00,0.00,"3,529.33","1,449.00","3,415.00","5,113,998.00",74,88.00,70.00,2.58,2.01,-0.75,"5,749.00",438.00
106,MMF1,43.90,8.90,9.18,8.82,8.90,8.90,0.00,0.00,8.97,"16,500.00",8.96,"147,937.00",34,-0.06,0.36,-0.67,4.08,-0.74,10.28,8.58
107,MMFDB,49.29,"1,500.00","1,565.00","1,500.00","1,555.00","1,555.00",0.00,0.00,"1,549.33","10,950.00","1,500.00","16,965,204.70",169,55.00,65.00,3.67,4.33,0.36,"2,095.00","1,025.00"
108,MMFDBP,46.90,586.00,586.00,586.00,586.00,586.00,0.00,0.00,586.00,"19,868.00",586.00,"11,642,648.00",8,0.00,0.00,0.00,0.00,0.00,906.00,525.00
109,MNBBL,51.55,504.90,512.00,495.00,510.00,510.00,0.00,0.00,503.52,"47,768.00",495.00,"24,052,044.80",331,15.00,17.00,3.03,3.43,1.27,850.00,337.00
110,MPFL,47.12,401.80,433.00,401.80,419.90,419.90,0.00,0.00,420.17,"4,759.00",410.00,"1,999,607.10",67,9.90,31.20,2.41,7.77,-0.07,696.00,145.00
111,MSLB,38.56,"1,514.70","1,555.00","1,514.70","1,515.00","1,515.00",0.00,0.00,"1,539.42",495.00,"1,485.00","762,012.00",10,30.00,40.30,2.02,2.66,-1.61,"3,131.00","1,485.00"
112,NABBC,46.83,476.00,503.80,467.00,485.50,485.50,0.00,0.00,482.64,"4,661.00",485.00,"2,249,605.00",70,0.50,36.80,0.10,7.88,0.59,"1,251.10",390.00
113,NABIL,43.23,"1,107.00","1,151.50","1,086.00","1,144.00","1,144.00",0.00,0.00,"1,125.85","263,845.00","1,085.33","297,049,298.90","4,762",58.67,65.50,5.41,6.03,1.59,"1,740.00","1,042.00"
114,NBB,61.98,410.50,426.80,402.50,408.00,408.00,0.00,0.00,414.29,"456,727.00",402.50,"189,215,827.40","2,554",5.50,24.30,1.37,6.04,-1.54,515.00,256.00
115,NBF2,35.46,10.50,10.50,10.30,10.45,10.45,0.00,0.00,10.48,"14,800.00",10.67,"155,035.00",9,-0.22,0.20,-2.06,1.94,-0.24,17.00,9.65
116,NBF3,57.60,9.29,9.50,9.14,9.50,9.50,0.00,0.00,9.22,"60,550.00",9.47,"558,392.00",64,0.03,0.36,0.32,3.94,2.93,10.08,9.13
117,NBL,47.92,341.00,345.00,340.00,341.40,341.40,0.00,0.00,341.68,"64,624.00",339.90,"22,080,511.50",404,1.50,5.00,0.44,1.47,-0.08,575.00,317.00
118,NBLD85,49.78,910.30,911.40,893.20,893.20,893.20,0.00,0.00,905.81,125.00,920.00,"113,226.00",5,-26.80,18.20,-2.91,2.04,-1.41,"1,000.00",893.20
119,NCCB,38.60,260.00,264.00,257.10,262.00,262.00,0.00,0.00,260.84,"52,145.00",261.00,"13,601,302.10",204,1.00,6.90,0.38,2.68,0.44,407.00,236.08
120,NCCD86,53.64,989.60,"1,000.00",989.60,"1,000.00","1,000.00",0.00,0.00,999.44,"1,115.00",970.20,"1,114,380.00",4,29.80,10.40,3.07,1.05,0.06,"1,026.00",970.20
121,NEF,43.53,10.39,10.50,10.21,10.21,10.21,0.00,0.00,10.27,"127,850.00",10.60,"1,312,757.50",26,-0.39,0.29,-3.68,2.84,-0.57,17.49,9.83
122,NFS,46.06,498.00,507.00,490.00,499.00,499.00,0.00,0.00,495.74,"8,665.00",498.00,"4,295,620.50",78,1.00,17.00,0.20,3.47,0.65,806.00,202.00
123,NGPL,52.62,602.00,611.90,579.20,610.00,610.00,0.00,0.00,586.70,"130,786.00",591.00,"76,731,802.10",324,19.00,32.70,3.21,5.65,3.82,"1,397.00",210.00
124,NHDL,44.07,385.00,401.00,383.10,388.90,388.90,0.00,0.00,388.79,"13,651.00",384.00,"5,307,327.10",95,4.90,17.90,1.28,4.67,0.03,840.00,220.00
125,NHPC,43.98,339.00,340.00,333.00,335.00,335.00,0.00,0.00,334.91,"124,593.00",334.00,"41,727,571.70",507,1.00,7.00,0.30,2.10,0.03,530.90,111.00
126,NIBD84,47.23,933.20,933.20,931.20,931.20,931.20,0.00,0.00,932.54,125.00,930.00,"116,567.50",6,1.20,2.00,0.13,0.21,-0.14,"1,000.00",930.00
127,NIBLPF,48.13,9.85,9.90,9.71,9.87,9.87,0.00,0.00,9.76,"13,253.00",9.85,"129,315.65",9,0.02,0.19,0.20,1.96,1.14,20.68,9.30
128,NIBSF1,60.12,12.24,12.28,12.15,12.15,12.15,0.00,0.00,12.20,"97,000.00",12.10,"1,182,968.99",24,0.05,0.13,0.41,1.07,-0.37,17.71,11.25
129,NIBSF2,40.68,8.82,9.10,8.82,8.91,8.91,0.00,0.00,9.03,"5,450.00",9.00,"49,240.50",15,-0.09,0.28,-1.00,3.17,-1.40,11.53,8.56
130,NICA,53.38,754.80,773.00,730.00,769.00,769.00,0.00,0.00,760.23,"73,533.00",740.00,"55,902,252.30",558,29.00,43.00,3.92,5.89,1.14,"1,085.00",701.00
131,NICAD8283,44.58,"1,030.00","1,030.00","1,030.00","1,030.00","1,030.00",0.00,0.00,"1,030.00",50.00,"1,025.10","51,500.00",1,4.90,0.00,0.48,0.00,0.00,"1,246.00","1,019.30"
132,NICBF,50.25,10.30,10.65,10.30,10.50,10.50,0.00,0.00,10.51,"3,968.00",10.30,"41,689.70",7,0.20,0.35,1.94,3.40,-0.06,17.00,9.92
133,NICD83/84,50.06,"1,000.00","1,000.00","1,000.00","1,000.00","1,000.00",0.00,0.00,"1,000.00",20.00,"1,015.00","20,000.00",1,-15.00,0.00,-1.48,0.00,0.00,"1,123.00",999.10
134,NICGF,46.10,11.40,11.40,11.10,11.10,11.10,0.00,0.00,11.12,"53,000.00",11.19,"589,170.00",6,-0.09,0.30,-0.80,2.70,-0.15,18.12,10.29
135,NICL,41.65,779.90,812.00,777.00,808.00,808.00,0.00,0.00,802.47,"31,748.00",779.90,"25,476,959.20",300,28.10,35.00,3.60,4.50,0.68,"1,294.00",596.00
136,NICLBSL,59.08,"1,045.00","1,142.00","1,045.00","1,110.00","1,110.00",0.00,0.00,"1,096.77","15,254.00","1,049.00","16,730,062.10",414,61.00,97.00,5.82,9.28,1.19,"2,037.00",780.00
137,NICSF,49.46,8.87,9.00,8.83,9.00,9.00,0.00,0.00,8.91,"5,250.00",8.87,"46,758.00",17,0.13,0.17,1.47,1.93,1.04,10.10,8.75
138,NIFRA,43.06,291.00,295.00,290.00,292.00,292.00,0.00,0.00,291.79,"75,101.00",291.00,"21,913,380.80","1,071",1.00,5.00,0.34,1.72,0.07,726.00,268.50
139,NIL,41.93,"1,132.10","1,195.00","1,132.00","1,193.00","1,193.00",0.00,0.00,"1,171.60","26,952.00","1,145.00","31,577,046.70",353,48.00,63.00,4.19,5.57,1.79,"1,900.00",950.00
140,NLBBL,54.88,"1,046.00","1,096.50","1,046.00","1,081.00","1,081.00",0.00,0.00,"1,073.27","5,836.00","1,044.00","6,263,609.50",72,37.00,50.50,3.54,4.83,0.71,"1,885.00",901.80
141,NLG,41.85,845.00,883.00,845.00,883.00,883.00,0.00,0.00,871.48,"10,807.00",853.00,"9,418,034.90",114,30.00,38.00,3.52,4.50,1.31,"1,422.00",710.00
142,NLIC,39.43,"1,540.00","1,540.00","1,490.00","1,519.00","1,519.00",0.00,0.00,"1,517.43","36,427.00","1,510.00","55,275,372.60",541,9.00,50.00,0.60,3.36,0.10,"3,000.00","1,270.00"
143,NLICL,50.98,930.10,977.00,929.00,975.00,975.00,0.00,0.00,964.62,"37,160.00",944.50,"35,845,303.50",251,30.50,48.00,3.23,5.17,1.06,"1,411.00",780.00
144,NMB,47.75,330.00,332.00,326.00,329.50,329.50,0.00,0.00,329.60,"55,759.00",329.00,"18,378,241.50",336,0.50,6.00,0.15,1.84,-0.03,517.00,326.00
145,NMB50,55.40,11.61,11.78,11.55,11.55,11.55,0.00,0.00,11.59,"120,700.00",11.55,"1,399,171.63",19,0.00,0.23,0.00,1.99,-0.36,18.47,10.05
146,NMBD2085,42.82,"1,005.00","1,005.00","1,005.00","1,005.00","1,005.00",0.00,0.00,"1,005.00",50.00,"1,000.00","50,250.00",1,5.00,0.00,0.50,0.00,0.00,"1,030.00",992.50
147,NMBHF1,44.74,11.20,11.20,11.01,11.05,11.05,0.00,0.00,11.08,"20,761.00",11.16,"230,007.61",8,-0.11,0.19,-0.99,1.73,-0.26,16.25,9.91
148,NMBMF,48.90,"1,010.00","1,054.20","1,010.00","1,048.00","1,048.00",0.00,0.00,"1,034.53","3,279.00","1,010.00","3,392,213.00",44,38.00,44.20,3.76,4.38,1.29,"1,661.00",968.00
149,NMFBS,60.09,"3,270.00","3,445.00","3,250.00","3,415.00","3,415.00",0.00,0.00,"3,384.42","11,085.00","3,218.00","37,516,288.90",343,197.00,195.00,6.12,6.00,0.90,"4,080.00","2,210.00"
150,NRIC,39.35,"1,149.00","1,154.00","1,132.00","1,142.00","1,142.00",0.00,0.00,"1,144.18","41,370.00","1,132.00","47,334,719.90",605,10.00,22.00,0.88,1.94,-0.19,"2,010.00","1,105.10"
151,NRN,45.46,510.00,534.00,510.00,533.00,533.00,0.00,0.00,525.71,"8,484.00",511.43,"4,460,154.20",130,21.57,24.00,4.22,4.71,1.37,990.00,342.00
152,NSLB,58.66,"1,221.70","1,264.00","1,180.10","1,264.00","1,264.00",0.00,0.00,"1,234.45","1,830.00","1,198.00","2,259,051.00",23,66.00,83.90,5.51,7.11,2.34,"1,987.90",960.00
153,NTC,51.76,"1,300.00","1,341.00","1,283.00","1,325.00","1,325.00",0.00,0.00,"1,303.00","79,727.00","1,283.00","103,884,333.10",327,42.00,58.00,3.27,4.52,1.66,"1,500.00",972.00
154,NUBL,39.30,"1,190.00","1,203.00","1,172.00","1,195.00","1,195.00",0.00,0.00,"1,194.19","12,339.00","1,192.00","14,735,153.90",199,3.00,31.00,0.25,2.65,0.07,"1,919.00","1,166.00"
155,NYADI,56.90,356.80,386.10,353.00,383.00,383.00,0.00,0.00,370.99,"11,390.00",364.00,"4,225,588.00",370,19.00,33.10,5.22,9.38,3.14,499.80,282.30
156,OHL,47.95,480.00,480.00,471.00,476.00,476.00,0.00,0.00,475.12,"1,295.00",474.00,"615,285.00",12,2.00,9.00,0.42,1.91,0.18,761.00,389.00
157,PBLD84,58.15,"1,010.00","1,010.00","1,010.00","1,010.00","1,010.00",0.00,0.00,"1,010.00",291.00,"1,005.00","293,910.00",2,5.00,0.00,0.50,0.00,0.00,"1,100.00",980.00
158,PCBL,49.45,340.00,340.00,330.00,335.00,335.00,0.00,0.00,333.60,"65,670.00",334.00,"21,907,737.50",397,1.00,10.00,0.30,3.03,0.42,540.00,310.00
159,PFL,49.12,436.10,445.00,435.10,445.00,445.00,0.00,0.00,441.09,"7,887.00",440.00,"3,478,901.00",112,5.00,9.90,1.14,2.28,0.88,920.00,164.00
160,PIC,42.94,"1,009.00","1,014.80",985.90,"1,002.00","1,002.00",0.00,0.00,"1,004.60","10,192.00","1,006.00","10,238,855.40",140,-4.00,28.90,-0.40,2.93,-0.26,"1,399.00",817.00
161,PICL,40.86,660.00,679.00,644.00,670.10,670.10,0.00,0.00,671.44,"16,238.00",654.00,"10,902,905.00",91,16.10,35.00,2.46,5.43,-0.20,994.00,543.00
162,PLI,47.21,569.00,590.00,563.20,589.00,589.00,0.00,0.00,575.75,"9,874.00",570.00,"5,684,926.40",367,19.00,26.80,3.33,4.76,2.25,"1,016.00",137.00
163,PLIC,56.34,700.00,721.00,690.00,720.00,720.00,0.00,0.00,712.43,"13,043.00",695.90,"9,292,237.50",118,24.10,31.00,3.46,4.49,1.05,"1,133.00",570.00
164,PLICPO,40.48,340.00,340.00,340.00,340.00,340.00,0.00,0.00,340.00,"41,317.00",340.00,"14,047,780.00",1,0.00,0.00,0.00,0.00,0.00,520.00,340.00
165,PMHPL,44.46,304.00,315.00,303.20,312.00,312.00,0.00,0.00,310.45,"8,846.00",309.30,"2,746,261.30",84,2.70,11.80,0.87,3.89,0.50,484.00,120.00
166,PPCL,44.44,452.80,469.90,436.00,451.00,451.00,0.00,0.00,449.39,"4,013.00",444.00,"1,803,383.90",50,7.00,33.90,1.58,7.78,0.36,642.00,193.00
167,PRIN,50.57,785.40,820.00,780.00,819.00,819.00,0.00,0.00,805.85,"22,315.00",780.00,"17,982,565.80",180,39.00,40.00,5.00,5.13,1.61,"1,162.00",630.00
168,PROFL,48.54,346.00,357.00,345.00,354.90,354.90,0.00,0.00,352.57,"26,954.00",350.00,"9,503,097.50",152,4.90,12.00,1.40,3.48,0.66,574.00,119.00
169,PRVU,49.80,306.40,308.00,300.10,305.00,305.00,0.00,0.00,304.48,"63,255.00",300.40,"19,260,125.20",318,4.60,7.90,1.53,2.63,0.17,525.00,285.00
170,PSF,45.38,9.00,9.18,8.92,9.10,9.10,0.00,0.00,8.98,"42,700.00",9.10,"383,533.00",24,0.00,0.26,0.00,2.91,1.30,11.22,8.75
171,RADHI,46.82,556.90,558.00,545.00,553.00,553.00,0.00,0.00,551.64,"12,496.00",546.00,"6,893,260.50",140,7.00,13.00,1.28,2.39,0.25,"1,340.00",277.00
172,RBCL,60.20,"17,199.00","18,810.00","17,199.00","18,032.10","18,032.10",0.00,0.00,"18,230.30","1,313.00","17,100.00","23,936,382.00",119,932.10,"1,611.00",5.45,9.37,-1.10,"24,370.00","13,907.00"
173,RBCLPO,61.85,"14,301.00","15,954.40","14,301.00","15,840.00","15,840.00",0.00,0.00,"15,716.94","2,221.00","14,504.00","34,907,328.00",89,"1,336.00","1,653.40",9.21,11.56,0.78,"20,185.00","11,310.00"
174,RHPL,39.62,348.00,350.00,341.10,344.30,344.30,0.00,0.00,344.93,"22,200.00",343.80,"7,657,545.50",211,0.50,8.90,0.15,2.61,-0.18,613.00,276.00
175,RLFL,49.63,487.00,500.00,485.00,494.00,494.00,0.00,0.00,492.08,"29,529.00",482.00,"14,530,669.50",182,12.00,15.00,2.49,3.09,0.39,814.00,156.00
176,RLFLPO,36.27,316.00,316.00,316.00,316.00,316.00,0.00,0.00,316.00,"1,326.00",316.00,"419,016.00",1,0.00,0.00,0.00,0.00,0.00,346.00,109.00
177,RLI,39.68,514.00,530.00,510.00,528.00,528.00,0.00,0.00,521.00,"11,237.00",515.00,"5,854,430.20",303,13.00,20.00,2.52,3.92,1.33,818.00,423.40
178,RMDC,40.31,"1,166.00","1,178.00","1,143.00","1,178.00","1,178.00",0.00,0.00,"1,154.88","15,088.00","1,143.33","17,424,790.40",175,34.67,35.00,3.03,3.06,1.96,"1,800.00","1,001.00"
179,RMF1,41.55,8.92,9.20,8.91,8.91,8.91,0.00,0.00,9.02,"7,700.00",9.10,"69,440.00",19,-0.19,0.29,-2.09,3.25,-1.21,10.30,8.80
180,RSDC,51.01,690.00,757.00,690.00,730.10,730.10,0.00,0.00,714.24,"9,096.00",689.00,"6,496,745.40",116,41.10,67.00,5.97,9.71,2.17,"1,194.40",566.00
181,RURU,50.54,900.00,928.00,895.00,928.00,928.00,0.00,0.00,912.28,"1,095.00",915.00,"998,950.00",37,13.00,33.00,1.42,3.69,1.69,"1,849.20",356.00
182,SABSL,47.42,"1,277.00","1,325.00","1,270.00","1,310.00","1,310.00",0.00,0.00,"1,297.71","1,548.00","1,260.00","2,008,851.60",48,50.00,55.00,3.97,4.33,0.94,"2,306.20","1,024.00"
183,SADBL,49.52,325.00,338.00,323.50,336.00,336.00,0.00,0.00,330.90,"39,791.00",325.00,"13,166,954.70",203,11.00,14.50,3.38,4.48,1.52,595.00,174.00
184,SADBLP,42.26,226.00,226.00,226.00,226.00,226.00,0.00,0.00,226.00,"19,827.00",226.00,"4,480,902.00",1,0.00,0.00,0.00,0.00,0.00,236.00,119.00
185,SAEF,52.86,12.61,12.89,12.61,12.89,12.89,0.00,0.00,12.80,"11,500.00",12.85,"147,246.00",7,0.04,0.28,0.31,2.22,0.67,20.19,11.28
186,SAHAS,47.28,540.00,565.00,534.20,549.00,549.00,0.00,0.00,544.58,"15,457.00",545.00,"8,417,646.90",762,4.00,30.80,0.73,5.77,0.80,789.40,405.30
187,SANIMA,58.26,354.00,365.00,354.00,363.00,363.00,0.00,0.00,360.69,"53,951.00",354.00,"19,459,574.50",255,9.00,11.00,2.54,3.11,0.64,564.90,319.00
188,SAPDBL,50.12,300.70,308.00,294.70,305.00,305.00,0.00,0.00,301.11,"21,914.00",306.80,"6,598,633.30",145,-1.80,13.30,-0.59,4.51,1.27,540.00,138.00
189,SBCF,54.14,8.61,8.61,8.45,8.50,8.50,0.00,0.00,8.51,"7,230.00",8.45,"61,506.35",15,0.05,0.16,0.59,1.89,-0.08,11.29,8.18
190,SBD87,47.21,965.00,969.00,950.00,950.00,950.00,0.00,0.00,963.25,100.00,950.00,"96,325.00",3,0.00,19.00,0.00,2.00,-1.39,"1,010.00",942.10
191,SBI,53.22,348.00,351.00,345.00,350.00,350.00,0.00,0.00,347.21,"10,664.00",345.00,"3,702,635.00",52,5.00,6.00,1.45,1.74,0.80,491.00,272.00
192,SBL,40.57,414.20,421.00,405.00,413.60,413.60,0.00,0.00,410.64,"93,520.00",406.13,"38,403,012.70",467,7.47,16.00,1.84,3.95,0.72,605.00,364.00
193,SCB,57.60,447.00,457.90,439.10,457.90,457.90,0.00,0.00,449.89,"16,214.00",447.00,"7,294,539.20",133,10.90,18.80,2.44,4.28,1.75,701.00,430.00
194,SDBD87,40.57,949.60,950.90,949.60,950.30,950.30,0.00,0.00,950.27,75.00,951.20,"71,270.00",3,-0.90,1.30,-0.09,0.14,0.00,"1,000.00",945.00
195,SDLBSL,42.92,"1,165.00","1,273.30","1,165.00","1,225.00","1,225.00",0.00,0.00,"1,209.22","2,274.00","1,177.00","2,749,761.70",50,48.00,108.30,4.08,9.30,1.29,"2,079.00","1,002.00"
196,SEF,43.75,10.20,10.40,10.19,10.40,10.40,0.00,0.00,10.28,"10,800.00",10.36,"110,970.00",7,0.04,0.21,0.39,2.06,1.20,17.04,10.01
197,SFCL,44.52,353.90,354.00,336.00,345.00,345.00,0.00,0.00,344.76,"12,156.00",348.00,"4,190,887.90",122,-3.00,18.00,-0.86,5.36,0.07,720.00,127.00
198,SFMF,56.02,10.73,11.13,10.73,11.00,11.00,0.00,0.00,11.04,"34,600.00",10.93,"381,968.00",6,0.07,0.40,0.64,3.73,-0.36,20.00,10.06
199,SGI,40.11,556.10,585.00,556.10,580.00,580.00,0.00,0.00,577.21,"5,056.00",567.00,"2,918,352.20",144,13.00,28.90,2.29,5.20,0.48,900.00,474.00
200,SHEL,41.27,385.80,385.80,370.70,375.30,375.30,0.00,0.00,375.93,"4,074.00",378.30,"1,531,556.00",126,-3.00,15.10,-0.79,4.07,-0.17,650.00,300.00
201,SHINE,50.69,366.50,375.00,358.20,372.00,372.00,0.00,0.00,369.70,"46,505.00",361.00,"17,193,012.50",252,11.00,16.80,3.05,4.69,0.62,655.00,235.00
202,SHIVM,53.55,"1,480.00","1,538.00","1,451.10","1,526.00","1,526.00",0.00,0.00,"1,511.36","155,477.00","1,480.00","234,981,678.80",863,46.00,86.90,3.11,5.99,0.96,"1,910.00","1,027.00"
203,SHL,45.06,210.50,210.50,205.80,208.00,208.00,0.00,0.00,207.00,"18,999.00",209.00,"3,932,807.00",61,-1.00,4.70,-0.48,2.28,0.48,321.00,182.00
204,SHPC,46.42,399.80,402.00,393.50,401.00,401.00,0.00,0.00,399.32,"37,321.00",392.00,"14,902,911.00",200,9.00,8.50,2.30,2.16,0.42,675.00,292.00
205,SIC,45.64,"1,210.10","1,280.00","1,206.00","1,272.00","1,272.00",0.00,0.00,"1,255.70","6,318.00","1,225.00","7,933,511.10",99,47.00,74.00,3.84,6.14,1.28,"1,890.00",971.00
206,SICL,40.04,"1,684.00","1,705.00","1,657.00","1,702.00","1,702.00",0.00,0.00,"1,689.92","15,041.00","1,657.50","25,418,045.70",237,44.50,48.00,2.68,2.90,0.71,"3,021.00","1,387.00"
207,SIFC,58.13,398.00,422.50,395.00,420.00,420.00,0.00,0.00,412.37,"69,431.00",392.00,"28,631,217.70",257,28.00,27.50,7.14,6.96,1.82,741.00,175.00
208,SIGS2,40.47,10.36,10.40,10.30,10.30,10.30,0.00,0.00,10.35,900.00,10.36,"9,316.00",4,-0.06,0.10,-0.58,0.97,-0.50,16.87,10.00
209,SIL,43.91,890.00,920.00,890.00,917.00,917.00,0.00,0.00,908.02,"20,615.00",896.00,"18,718,747.30",101,21.00,30.00,2.34,3.37,0.98,"1,376.00",732.00
210,SINDU,46.53,340.00,344.00,337.60,341.90,341.90,0.00,0.00,339.55,"6,348.00",340.00,"2,155,446.50",49,1.90,6.40,0.56,1.90,0.69,618.00,148.00
211,SJCL,40.36,339.00,343.00,338.00,340.00,340.00,0.00,0.00,340.25,"10,356.00",337.00,"3,523,582.70",130,3.00,5.00,0.89,1.48,-0.07,550.00,252.00
212,SKBBL,54.95,"1,240.00","1,316.10","1,240.00","1,285.00","1,285.00",0.00,0.00,"1,267.63","11,822.00","1,236.00","14,985,934.80",161,49.00,76.10,3.96,6.14,1.35,"2,184.00","1,145.00"
213,SLBBL,58.63,"1,048.00","1,070.00","1,027.50","1,060.00","1,060.00",0.00,0.00,"1,052.54","6,585.00","1,028.00","6,930,943.00",89,32.00,42.50,3.11,4.14,0.70,"1,685.00",890.00
214,SLBSL,56.29,"1,098.00","1,173.00","1,098.00","1,155.00","1,155.00",0.00,0.00,"1,139.35","1,153.00","1,092.00","1,313,672.60",31,63.00,75.00,5.77,6.83,1.35,"1,785.00",935.00
215,SLCF,59.13,9.30,9.32,9.00,9.20,9.20,0.00,0.00,9.20,"39,500.00",9.12,"363,495.00",21,0.08,0.32,0.88,3.56,-0.03,11.40,8.78
216,SLI,40.13,510.00,528.30,504.70,525.00,525.00,0.00,0.00,519.04,"16,952.00",515.00,"8,798,683.00",862,10.00,23.60,1.94,4.68,1.14,787.80,309.00
217,SLICL,59.65,678.00,741.00,675.00,741.00,741.00,0.00,0.00,714.63,"51,074.00",678.00,"36,499,000.60",328,63.00,66.00,9.29,9.78,3.56,"1,091.00",617.40
218,SMATA,52.61,"1,102.00","1,137.00","1,085.20","1,137.00","1,137.00",0.00,0.00,"1,112.02","1,472.00","1,115.00","1,636,891.90",43,22.00,51.80,1.97,4.77,2.20,"2,048.00",561.00
219,SMB,46.38,"1,745.20","1,777.70","1,725.00","1,760.50","1,760.50",0.00,0.00,"1,760.00",531.00,"1,711.00","934,558.00",16,49.50,52.70,2.89,3.06,0.03,"2,900.00","1,031.00"
220,SMFBS,47.60,"1,888.00","1,888.20","1,813.00","1,852.00","1,852.00",0.00,0.00,"1,858.15",394.00,"1,851.30","732,110.00",16,0.70,75.20,0.04,4.15,-0.33,"3,110.00","1,290.00"
221,SMFDB,40.83,"1,166.00","1,187.00","1,166.00","1,170.00","1,170.00",0.00,0.00,"1,173.88","2,026.00","1,165.34","2,378,286.60",38,4.66,21.00,0.40,1.80,-0.33,"1,938.00",925.00
222,SPC,39.67,448.00,456.00,436.10,450.00,450.00,0.00,0.00,444.79,"5,566.00",457.00,"2,475,728.00",175,-7.00,19.90,-1.53,4.56,1.16,558.20,296.30
223,SPDL,44.55,397.00,402.50,390.00,401.00,401.00,0.00,0.00,398.96,"22,742.00",396.00,"9,073,243.00",153,5.00,12.50,1.26,3.21,0.51,823.90,207.00
224,SRBL,53.68,277.40,278.70,270.00,278.70,278.70,0.00,0.00,274.98,"26,768.00",272.00,"7,360,787.30",131,6.70,8.70,2.46,3.22,1.33,418.20,244.00
225,SSHL,43.25,300.10,312.00,300.10,307.00,307.00,0.00,0.00,306.58,"19,434.00",306.00,"5,958,087.50",99,1.00,11.90,0.33,3.97,0.14,533.00,143.00
226,STC,47.64,"5,490.00","5,700.00","5,490.00","5,650.00","5,650.00",0.00,0.00,"5,621.45","3,533.00","5,600.00","19,860,567.40",108,50.00,210.00,0.89,3.83,0.51,"13,780.00","4,740.00"
227,SWBBL,53.84,"1,191.00","1,225.00","1,191.00","1,224.00","1,224.00",0.00,0.00,"1,217.71","6,955.00","1,190.00","8,469,152.50",86,34.00,34.00,2.86,2.85,0.51,"2,275.00","1,097.00"
228,TPC,47.90,408.00,428.90,408.00,428.00,428.00,0.00,0.00,419.14,"2,170.00",415.00,"909,541.00",106,13.00,20.90,3.13,5.12,2.07,655.90,254.20
229,TRH,50.00,373.00,373.00,362.60,370.00,370.00,0.00,0.00,365.99,683.00,366.00,"249,972.20",17,4.00,10.40,1.09,2.87,1.08,468.00,275.00
230,UIC,41.21,669.00,688.50,656.00,680.80,680.80,0.00,0.00,672.58,"20,938.00",656.70,"14,082,567.50",123,24.10,32.50,3.67,4.95,1.21,890.00,449.00
231,UICPO,38.33,237.00,237.00,237.00,237.00,237.00,0.00,0.00,280.08,"2,410.00",237.00,"674,990.00",4,0.00,0.00,0.00,0.00,-18.18,237.00,237.00
232,ULI,40.80,621.00,651.60,618.00,651.00,651.00,0.00,0.00,637.82,"26,846.00",628.00,"17,123,023.50",923,23.00,33.60,3.66,5.44,2.02,940.10,342.00
233,UMHL,45.15,361.00,362.70,350.00,359.00,359.00,0.00,0.00,356.98,"60,330.00",358.00,"21,536,730.00",232,1.00,12.70,0.28,3.63,0.56,646.60,143.00
234,UMRH,37.30,488.10,507.60,488.10,506.00,506.00,0.00,0.00,497.12,290.00,494.00,"144,166.00",20,12.00,19.50,2.43,4.00,1.75,811.00,206.00
235,UNHPL,45.61,308.00,314.10,304.00,310.00,310.00,0.00,0.00,307.79,"9,594.00",308.00,"2,952,981.00",83,2.00,10.10,0.65,3.32,0.71,612.00,104.00
236,UNL,42.76,"19,000.00","19,200.00","19,000.00","19,050.00","19,050.00",0.00,0.00,"19,110.00",50.00,"19,096.00","955,500.00",4,-46.00,200.00,-0.24,1.05,-0.31,"23,180.00","18,050.00"
237,UPCL,42.35,349.80,356.70,340.00,343.00,343.00,0.00,0.00,345.26,"37,079.00",343.00,"12,802,015.70",224,0.00,16.70,0.00,4.91,-0.66,635.00,122.00
238,UPPER,40.09,620.00,640.00,620.00,632.00,632.00,0.00,0.00,630.86,"108,017.00",618.00,"68,143,849.60",841,14.00,20.00,2.27,3.23,0.18,962.50,410.00
239,USLB,40.47,"1,469.00","1,556.00","1,442.00","1,556.00","1,556.00",0.00,0.00,"1,484.33","2,440.00","1,463.00","3,621,768.80",45,93.00,114.00,6.36,7.91,4.61,"2,868.00","1,291.00"
240,VLBS,40.75,"1,266.80","1,347.00","1,260.00","1,270.00","1,270.00",0.00,0.00,"1,277.22","1,429.00","1,242.00","1,825,143.10",33,28.00,87.00,2.25,6.90,-0.57,"2,036.00","1,008.00"
